project_title,tech_stack,project_description,combined_text,complexity_tier,tier_name
Production-Grade RAG Search Engine with Vector Database and Hybrid Sparse-Dense Retrieval,"FastAPI, Qdrant, LangChain, PyTorch, Docker, Celery, Redis","Engineered an enterprise RAG knowledge engine utilizing hybrid BM25 and dense vector embeddings (BGE-large) indexed in Qdrant. Containerized with Docker, deployed with asynchronous Celery workers for PDF chunking, sub-120ms p99 latency, and Redis query caching.","Production-Grade RAG Search Engine with Vector Database and Hybrid Sparse-Dense Retrieval. Tech stack: FastAPI, Qdrant, LangChain, PyTorch, Docker, Celery, Redis. Description: Engineered an enterprise RAG knowledge engine utilizing hybrid BM25 and dense vector embeddings (BGE-large) indexed in Qdrant. Containerized with Docker, deployed with asynchronous Celery workers for PDF chunking, sub-120ms p99 latency, and Redis query caching.",2,Production-Ready
Simple portfolio website with HTML5 and Bootstrap,"HTML5, CSS3, Bootstrap","Built using HTML5, CSS3, Bootstrap. Static personal resume portfolio with about me, education and contact form.","Project: Simple portfolio website with HTML5 and Bootstrap. Implemented using HTML5, CSS3, Bootstrap. Static personal resume portfolio with about me, education and contact form.",0,Academic/Tutorial
High-Frequency Algorithmic Trading Execution Engine with Low-Latency Order Routing,"C++, ZeroMQ, Redis, Multithreading, Linux Sockets","Key Highlights: Developed an order execution engine in modern C++ with lock-free ring buffers, sub-millisecond execution over ZeroMQ, WebSocket market depth feeds, and automated risk check circuit breakers. Technologies applied: C++, ZeroMQ, Redis, Multithreading, Linux Sockets.","High-Frequency Algorithmic Trading Execution Engine with Low-Latency Order Routing | C++, ZeroMQ, Redis, Multithreading, Linux Sockets | Developed an order execution engine in modern C++ with lock-free ring buffers, sub-millisecond execution over ZeroMQ, WebSocket market depth feeds, and automated risk check circuit breakers.",2,Production-Ready
Automated Resume Screening Tool with TF-IDF Matching,"Python, Streamlit, Scikit-Learn, PyPDF2","Uploads multiple candidate resumes, extracts keywords and calculates cosine similarity against recruiter job descriptions with ranking table.","Automated Resume Screening Tool with TF-IDF Matching. Tech stack: Python, Streamlit, Scikit-Learn, PyPDF2. Description: Uploads multiple candidate resumes, extracts keywords and calculates cosine similarity against recruiter job descriptions with ranking table.",1,Applied Capstone
Simple file explorer with directory traversal in C,"C, OS calls","Key Highlights: Navigates directories and prints file sizes in terminal. Technologies applied: C, OS calls.","Simple file explorer with directory traversal in C | C, OS calls | Navigates directories and prints file sizes in terminal.",0,Academic/Tutorial
High-Frequency Algorithmic Trading Execution Engine with Low-Latency Order Routing,"C++, ZeroMQ, Redis, Multithreading, Linux Sockets","Developed an order execution engine in modern C++ with lock-free ring buffers, sub-millisecond execution over ZeroMQ, WebSocket market depth feeds, and automated risk check circuit breakers.","High-Frequency Algorithmic Trading Execution Engine with Low-Latency Order Routing. Tech stack: C++, ZeroMQ, Redis, Multithreading, Linux Sockets. Description: Developed an order execution engine in modern C++ with lock-free ring buffers, sub-millisecond execution over ZeroMQ, WebSocket market depth feeds, and automated risk check circuit breakers.",2,Production-Ready
Age and gender predictor using OpenCV pre-trained Caffe model,"Python, OpenCV","Built using Python, OpenCV. Runs face detection and passes bounding boxes to pre-trained model weights.","Project: Age and gender predictor using OpenCV pre-trained Caffe model. Implemented using Python, OpenCV. Runs face detection and passes bounding boxes to pre-trained model weights.",0,Academic/Tutorial
Simple portfolio website with HTML5 and Bootstrap,"HTML5, CSS3, Bootstrap","Static personal resume portfolio with about me, education and contact form.","Simple portfolio website with HTML5 and Bootstrap. Tech stack: HTML5, CSS3, Bootstrap. Description: Static personal resume portfolio with about me, education and contact form.",0,Academic/Tutorial
Inventory Management System with Low-Stock Automated Alerts,"PHP, Laravel, MySQL, Bootstrap","Built using PHP, Laravel, MySQL, Bootstrap. Monitors warehouse SKU quantities, tracks supplier purchase orders, and triggers automated email warnings when inventory falls below threshold.","Project: Inventory Management System with Low-Stock Automated Alerts. Implemented using PHP, Laravel, MySQL, Bootstrap. Monitors warehouse SKU quantities, tracks supplier purchase orders, and triggers automated email warnings when inventory falls below threshold.",1,Applied Capstone
Inventory Management System with Low-Stock Automated Alerts,"PHP, Laravel, MySQL, Bootstrap","Monitors warehouse SKU quantities, tracks supplier purchase orders, and triggers automated email warnings when inventory falls below threshold.","Inventory Management System with Low-Stock Automated Alerts. Tech stack: PHP, Laravel, MySQL, Bootstrap. Description: Monitors warehouse SKU quantities, tracks supplier purchase orders, and triggers automated email warnings when inventory falls below threshold.",1,Applied Capstone
Compiler and Bytecode Virtual Machine for Custom Statically-Typed Language,"Rust, LLVM, AST Parsing","Built using Rust, LLVM, AST Parsing. Engineered a custom compiled programming language in Rust with hand-written recursive descent parser, static type checker, LLVM IR codegen, and JIT execution runtime with garbage collection.","Project: Compiler and Bytecode Virtual Machine for Custom Statically-Typed Language. Implemented using Rust, LLVM, AST Parsing. Engineered a custom compiled programming language in Rust with hand-written recursive descent parser, static type checker, LLVM IR codegen, and JIT execution runtime with garbage collection.",2,Production-Ready
Random password generator with copy to clipboard feature,"JavaScript, HTML",Generates random alphanumeric strings with customizable length.,"Random password generator with copy to clipboard feature. Tech stack: JavaScript, HTML. Description: Generates random alphanumeric strings with customizable length.",0,Academic/Tutorial
Real-Time Collaborative Chat Application with WebSockets,"React, Node.js, Socket.io, Express, MongoDB","Built using React, Node.js, Socket.io, Express, MongoDB. Enables instant one-on-one and group messaging, online presence tracking, message typing indicators and media sharing with WebSockets.","Project: Real-Time Collaborative Chat Application with WebSockets. Implemented using React, Node.js, Socket.io, Express, MongoDB. Enables instant one-on-one and group messaging, online presence tracking, message typing indicators and media sharing with WebSockets.",1,Applied Capstone
Tic Tac Toe game with basic minimax algorithm,"Python, Tkinter",2-player desktop game with basic game loop and winner detection.,"Tic Tac Toe game with basic minimax algorithm. Tech stack: Python, Tkinter. Description: 2-player desktop game with basic game loop and winner detection.",0,Academic/Tutorial
Autonomous Edge Computer Vision Pipeline with TensorRT Optimization and RTSP Streaming,"C++, Python, TensorRT, CUDA, DeepStream, Docker, OpenCV","Key Highlights: Optimized deep learning YOLO detection models using TensorRT FP16 quantization on Jetson edge devices, maintaining 45 FPS over 8 concurrent RTSP video streams with under 15W power consumption. Technologies applied: C++, Python, TensorRT, CUDA, DeepStream, Docker, OpenCV.","Autonomous Edge Computer Vision Pipeline with TensorRT Optimization and RTSP Streaming | C++, Python, TensorRT, CUDA, DeepStream, Docker, OpenCV | Optimized deep learning YOLO detection models using TensorRT FP16 quantization on Jetson edge devices, maintaining 45 FPS over 8 concurrent RTSP video streams with under 15W power consumption.",2,Production-Ready
AI Image Generation SaaS App with Credits and Subscription Billing,"Next.js, Replicate API, Stripe, Supabase, Tailwind","Enables users to generate photorealistic images via Stable Diffusion, with user credits deduction, gallery storage, and Stripe webhooks.","AI Image Generation SaaS App with Credits and Subscription Billing. Tech stack: Next.js, Replicate API, Stripe, Supabase, Tailwind. Description: Enables users to generate photorealistic images via Stable Diffusion, with user credits deduction, gallery storage, and Stripe webhooks.",1,Applied Capstone
Spam email classifier using CountVectorizer and MultinomialNB,"Python, Scikit-Learn",Standard Kaggle SMS spam dataset classification tutorial.,"Spam email classifier using CountVectorizer and MultinomialNB. Tech stack: Python, Scikit-Learn. Description: Standard Kaggle SMS spam dataset classification tutorial.",0,Academic/Tutorial
Inventory Management System with Low-Stock Automated Alerts,"PHP, Laravel, MySQL, Bootstrap","Key Highlights: Monitors warehouse SKU quantities, tracks supplier purchase orders, and triggers automated email warnings when inventory falls below threshold. Technologies applied: PHP, Laravel, MySQL, Bootstrap.","Inventory Management System with Low-Stock Automated Alerts | PHP, Laravel, MySQL, Bootstrap | Monitors warehouse SKU quantities, tracks supplier purchase orders, and triggers automated email warnings when inventory falls below threshold.",1,Applied Capstone
Autonomous Drone Flight Controller with Extended Kalman Filter and ROS 2,"C++, ROS 2, PX4, Gazebo, Kalman Filter","Developed flight state estimation algorithms fusing IMU, barometer and GPS sensor streams via Extended Kalman Filter (EKF) with sub-10cm position hold accuracy under simulated wind disturbance.","Autonomous Drone Flight Controller with Extended Kalman Filter and ROS 2. Tech stack: C++, ROS 2, PX4, Gazebo, Kalman Filter. Description: Developed flight state estimation algorithms fusing IMU, barometer and GPS sensor streams via Extended Kalman Filter (EKF) with sub-10cm position hold accuracy under simulated wind disturbance.",2,Production-Ready
AI Image Generation SaaS App with Credits and Subscription Billing,"Next.js, Replicate API, Stripe, Supabase, Tailwind","Key Highlights: Enables users to generate photorealistic images via Stable Diffusion, with user credits deduction, gallery storage, and Stripe webhooks. Technologies applied: Next.js, Replicate API, Stripe, Supabase, Tailwind.","AI Image Generation SaaS App with Credits and Subscription Billing | Next.js, Replicate API, Stripe, Supabase, Tailwind | Enables users to generate photorealistic images via Stable Diffusion, with user credits deduction, gallery storage, and Stripe webhooks.",1,Applied Capstone
Peer-to-Peer Car Rental Platform with Calendar Booking,"React, Express, MongoDB, Cloudinary","Enables vehicle owners to list cars with daily rates, manage reservation calendars, and receive renter reviews.","Peer-to-Peer Car Rental Platform with Calendar Booking. Tech stack: React, Express, MongoDB, Cloudinary. Description: Enables vehicle owners to list cars with daily rates, manage reservation calendars, and receive renter reviews.",1,Applied Capstone
Multi-Cloud Kubernetes Automated CI/CD Infrastructure with GitOps and Terraform,"Terraform, AWS EKS, ArgoCD, Docker, GitHub Actions, Helm, Vault","Automated zero-downtime infrastructure provisioning on AWS with Terraform. Configured ArgoCD GitOps pipelines, canary deployments with Istio service mesh, HashiCorp Vault secret injection, and automated blue-green rollouts.","Multi-Cloud Kubernetes Automated CI/CD Infrastructure with GitOps and Terraform. Tech stack: Terraform, AWS EKS, ArgoCD, Docker, GitHub Actions, Helm, Vault. Description: Automated zero-downtime infrastructure provisioning on AWS with Terraform. Configured ArgoCD GitOps pipelines, canary deployments with Istio service mesh, HashiCorp Vault secret injection, and automated blue-green rollouts.",2,Production-Ready
Simple file explorer with directory traversal in C,"C, OS calls",Navigates directories and prints file sizes in terminal.,"Simple file explorer with directory traversal in C. Tech stack: C, OS calls. Description: Navigates directories and prints file sizes in terminal.",0,Academic/Tutorial
Barcode generator and reader using Python libraries,"Python, OpenCV",Generates QR codes and reads barcodes from camera feed.,"Barcode generator and reader using Python libraries. Tech stack: Python, OpenCV. Description: Generates QR codes and reads barcodes from camera feed.",0,Academic/Tutorial
Fintech Payment Gateway Gateway with Idempotency and Webhook Retry Orchestrator,"Python, FastAPI, Redis, PostgreSQL, Celery, Docker, AWS SQS","Key Highlights: Built an idempotent payment orchestration system preventing double-charge anomalies. Engineered exponential backoff retry workers with dead-letter queue handling, HMAC signature verification, and PCI-DSS compliant database encryption. Technologies applied: Python, FastAPI, Redis, PostgreSQL, Celery, Docker, AWS SQS.","Fintech Payment Gateway Gateway with Idempotency and Webhook Retry Orchestrator | Python, FastAPI, Redis, PostgreSQL, Celery, Docker, AWS SQS | Built an idempotent payment orchestration system preventing double-charge anomalies. Engineered exponential backoff retry workers with dead-letter queue handling, HMAC signature verification, and PCI-DSS compliant database encryption.",2,Production-Ready
Online Code Execution Platform with Sandboxed Runner,"React, Node.js, Docker, Express, MongoDB","Built using React, Node.js, Docker, Express, MongoDB. Allows users to write and execute code in Python and C++ inside isolated Docker containers with execution time and memory limits.","Project: Online Code Execution Platform with Sandboxed Runner. Implemented using React, Node.js, Docker, Express, MongoDB. Allows users to write and execute code in Python and C++ inside isolated Docker containers with execution time and memory limits.",1,Applied Capstone
Simple file explorer with directory traversal in C,"C, OS calls","Built using C, OS calls. Navigates directories and prints file sizes in terminal.","Project: Simple file explorer with directory traversal in C. Implemented using C, OS calls. Navigates directories and prints file sizes in terminal.",0,Academic/Tutorial
Customer Relationship Management (CRM) System with Lead Pipeline,"Vue.js, Python, Flask, PostgreSQL, Celery","Tracks sales leads through kanban stages, schedules follow-up email notifications and displays monthly revenue conversion charts.","Customer Relationship Management (CRM) System with Lead Pipeline. Tech stack: Vue.js, Python, Flask, PostgreSQL, Celery. Description: Tracks sales leads through kanban stages, schedules follow-up email notifications and displays monthly revenue conversion charts.",1,Applied Capstone
Unit converter application for currency and length,"Java, Swing",Desktop GUI for converting miles to kilometers and USD to INR.,"Unit converter application for currency and length. Tech stack: Java, Swing. Description: Desktop GUI for converting miles to kilometers and USD to INR.",0,Academic/Tutorial
Food Delivery App with Live Order Status Updates,"React Native, Node.js, Express, MongoDB, Socket.io","Key Highlights: Cross-platform mobile application with restaurant menus, cart management, address geocoding and real-time order status lifecycle. Technologies applied: React Native, Node.js, Express, MongoDB, Socket.io.","Food Delivery App with Live Order Status Updates | React Native, Node.js, Express, MongoDB, Socket.io | Cross-platform mobile application with restaurant menus, cart management, address geocoding and real-time order status lifecycle.",1,Applied Capstone
AI Image Generation SaaS App with Credits and Subscription Billing,"Next.js, Replicate API, Stripe, Supabase, Tailwind","Built using Next.js, Replicate API, Stripe, Supabase, Tailwind. Enables users to generate photorealistic images via Stable Diffusion, with user credits deduction, gallery storage, and Stripe webhooks.","Project: AI Image Generation SaaS App with Credits and Subscription Billing. Implemented using Next.js, Replicate API, Stripe, Supabase, Tailwind. Enables users to generate photorealistic images via Stable Diffusion, with user credits deduction, gallery storage, and Stripe webhooks.",1,Applied Capstone
Full-Stack E-Commerce Web Platform with Stripe Checkout,"React, Node.js, Express, MongoDB, Stripe API, JWT","Engineered end-to-end shopping application with product catalogs, shopping cart, user JWT authentication, order tracking and secure Stripe checkout payment integration.","Full-Stack E-Commerce Web Platform with Stripe Checkout. Tech stack: React, Node.js, Express, MongoDB, Stripe API, JWT. Description: Engineered end-to-end shopping application with product catalogs, shopping cart, user JWT authentication, order tracking and secure Stripe checkout payment integration.",1,Applied Capstone
House price prediction using Linear Regression on Boston Housing dataset,"Python, Scikit-Learn",Basic single-model regression predicting housing prices with MSE evaluation.,"House price prediction using Linear Regression on Boston Housing dataset. Tech stack: Python, Scikit-Learn. Description: Basic single-model regression predicting housing prices with MSE evaluation.",0,Academic/Tutorial
Federated Learning Privacy-Preserving Health Analytics Framework,"Python, PySyft, PyTorch, Docker, Cryptography","Built using Python, PySyft, PyTorch, Docker, Cryptography. Implemented decentralized model training across simulated hospital nodes without centralizing patient data, utilizing differential privacy noise addition and secure multi-party computation (SMPC).","Project: Federated Learning Privacy-Preserving Health Analytics Framework. Implemented using Python, PySyft, PyTorch, Docker, Cryptography. Implemented decentralized model training across simulated hospital nodes without centralizing patient data, utilizing differential privacy noise addition and secure multi-party computation (SMPC).",2,Production-Ready
Social Media Analytics Dashboard with Automated PDF Reports,"Python, Flask, React, Chart.js, Pandas","Built using Python, Flask, React, Chart.js, Pandas. Connects to social APIs, tracks follower growth, engagement rates and sentiment, with automated weekly executive PDF summaries.","Project: Social Media Analytics Dashboard with Automated PDF Reports. Implemented using Python, Flask, React, Chart.js, Pandas. Connects to social APIs, tracks follower growth, engagement rates and sentiment, with automated weekly executive PDF summaries.",1,Applied Capstone
End-to-End MLOps Pipeline for Production Model Drift Monitoring and Auto-Retraining,"Python, MLflow, Airflow, Docker, FastAPI, Prometheus, Evidently AI","Built using Python, MLflow, Airflow, Docker, FastAPI, Prometheus, Evidently AI. Architected continuous training pipeline tracking data and concept drift on live inference traffic. Automated model registry versioning in MLflow, canary rollout evaluation, and trigger-based retraining via Apache Airflow DAGs.","Project: End-to-End MLOps Pipeline for Production Model Drift Monitoring and Auto-Retraining. Implemented using Python, MLflow, Airflow, Docker, FastAPI, Prometheus, Evidently AI. Architected continuous training pipeline tracking data and concept drift on live inference traffic. Automated model registry versioning in MLflow, canary rollout evaluation, and trigger-based retraining via Apache Airflow DAGs.",2,Production-Ready
Random password generator with copy to clipboard feature,"JavaScript, HTML","Built using JavaScript, HTML. Generates random alphanumeric strings with customizable length.","Project: Random password generator with copy to clipboard feature. Implemented using JavaScript, HTML. Generates random alphanumeric strings with customizable length.",0,Academic/Tutorial
End-to-End MLOps Pipeline for Production Model Drift Monitoring and Auto-Retraining,"Python, MLflow, Airflow, Docker, FastAPI, Prometheus, Evidently AI","Architected continuous training pipeline tracking data and concept drift on live inference traffic. Automated model registry versioning in MLflow, canary rollout evaluation, and trigger-based retraining via Apache Airflow DAGs.","End-to-End MLOps Pipeline for Production Model Drift Monitoring and Auto-Retraining. Tech stack: Python, MLflow, Airflow, Docker, FastAPI, Prometheus, Evidently AI. Description: Architected continuous training pipeline tracking data and concept drift on live inference traffic. Automated model registry versioning in MLflow, canary rollout evaluation, and trigger-based retraining via Apache Airflow DAGs.",2,Production-Ready
Snake game with retro graphics in Pygame,"Python, Pygame","Built using Python, Pygame. Controls 2D snake eating food and growing length with collision detection.","Project: Snake game with retro graphics in Pygame. Implemented using Python, Pygame. Controls 2D snake eating food and growing length with collision detection.",0,Academic/Tutorial
To-Do List application using vanilla JavaScript and localStorage,"JavaScript, HTML, CSS","Key Highlights: Allows users to add, mark complete and delete daily tasks saved in browser local storage. Technologies applied: JavaScript, HTML, CSS.","To-Do List application using vanilla JavaScript and localStorage | JavaScript, HTML, CSS | Allows users to add, mark complete and delete daily tasks saved in browser local storage.",0,Academic/Tutorial
Distributed High-Throughput Event Streaming Pipeline with Apache Kafka and Flink,"Python, Go, Apache Kafka, Apache Flink, Docker, Kubernetes, Prometheus","Architected a real-time event streaming pipeline processing 60,000+ events/sec. Implemented distributed consumer groups with partition rebalancing, stateful stream windowing, dead-letter queues, and Prometheus/Grafana latency monitoring.","Distributed High-Throughput Event Streaming Pipeline with Apache Kafka and Flink. Tech stack: Python, Go, Apache Kafka, Apache Flink, Docker, Kubernetes, Prometheus. Description: Architected a real-time event streaming pipeline processing 60,000+ events/sec. Implemented distributed consumer groups with partition rebalancing, stateful stream windowing, dead-letter queues, and Prometheus/Grafana latency monitoring.",2,Production-Ready
Library Management System with RFID Barcode Scanning,"Java, JavaFX, MySQL, iText PDF","Key Highlights: Automated book checkout, late fee calculation, return date notifications, and student membership verification. Technologies applied: Java, JavaFX, MySQL, iText PDF.","Library Management System with RFID Barcode Scanning | Java, JavaFX, MySQL, iText PDF | Automated book checkout, late fee calculation, return date notifications, and student membership verification.",1,Applied Capstone
Distributed Rate Limiter and API Gateway with Token Bucket Algorithm,"Go, Redis, Docker, Nginx, Prometheus","Key Highlights: Engineered an edge API gateway implementing sliding window and token bucket rate limiting algorithms backed by atomic Redis Lua scripts, throttling 100k requests/sec with under 2ms overhead. Technologies applied: Go, Redis, Docker, Nginx, Prometheus.","Distributed Rate Limiter and API Gateway with Token Bucket Algorithm | Go, Redis, Docker, Nginx, Prometheus | Engineered an edge API gateway implementing sliding window and token bucket rate limiting algorithms backed by atomic Redis Lua scripts, throttling 100k requests/sec with under 2ms overhead.",2,Production-Ready
College Placement Management and Student Tracking Portal,"Next.js, FastAPI, PostgreSQL, TailwindCSS","Built using Next.js, FastAPI, PostgreSQL, TailwindCSS. Automated drive registration, student eligibility filtering, resume download batching and placement statistics dashboard for university T&P cell.","Project: College Placement Management and Student Tracking Portal. Implemented using Next.js, FastAPI, PostgreSQL, TailwindCSS. Automated drive registration, student eligibility filtering, resume download batching and placement statistics dashboard for university T&P cell.",1,Applied Capstone
Age and gender predictor using OpenCV pre-trained Caffe model,"Python, OpenCV","Key Highlights: Runs face detection and passes bounding boxes to pre-trained model weights. Technologies applied: Python, OpenCV.","Age and gender predictor using OpenCV pre-trained Caffe model | Python, OpenCV | Runs face detection and passes bounding boxes to pre-trained model weights.",0,Academic/Tutorial
Customer Relationship Management (CRM) System with Lead Pipeline,"Vue.js, Python, Flask, PostgreSQL, Celery","Key Highlights: Tracks sales leads through kanban stages, schedules follow-up email notifications and displays monthly revenue conversion charts. Technologies applied: Vue.js, Python, Flask, PostgreSQL, Celery.","Customer Relationship Management (CRM) System with Lead Pipeline | Vue.js, Python, Flask, PostgreSQL, Celery | Tracks sales leads through kanban stages, schedules follow-up email notifications and displays monthly revenue conversion charts.",1,Applied Capstone
Digital clock and stopwatch application,"JavaScript, CSS","Key Highlights: Browser clock with start, stop, lap and reset functionalities. Technologies applied: JavaScript, CSS.","Digital clock and stopwatch application | JavaScript, CSS | Browser clock with start, stop, lap and reset functionalities.",0,Academic/Tutorial
Distributed Web Crawler and Search Indexer with Politeness and Deduplication,"Python, Scrapy, Redis, Elasticsearch, Docker","Built using Python, Scrapy, Redis, Elasticsearch, Docker. Built a distributed web crawler indexing 500k web pages daily, featuring URL frontier priority queues in Redis, Bloom filter deduplication, robots.txt compliance, and Elasticsearch full-text indexing.","Project: Distributed Web Crawler and Search Indexer with Politeness and Deduplication. Implemented using Python, Scrapy, Redis, Elasticsearch, Docker. Built a distributed web crawler indexing 500k web pages daily, featuring URL frontier priority queues in Redis, Bloom filter deduplication, robots.txt compliance, and Elasticsearch full-text indexing.",2,Production-Ready
Rock Paper Scissors game with computer AI,Python,CLI game played against random computer choices.,Rock Paper Scissors game with computer AI. Tech stack: Python. Description: CLI game played against random computer choices.,0,Academic/Tutorial
URL Shortener using Python and TinyURL API wrapper,Python,Key Highlights: Calls public API to shorten URLs without custom redirection server. Technologies applied: Python.,URL Shortener using Python and TinyURL API wrapper | Python | Calls public API to shorten URLs without custom redirection server.,0,Academic/Tutorial
Personal Finance & Budget Tracking Web App with Plaid API,"React, TypeScript, Node.js, PostgreSQL, Chart.js","Key Highlights: Aggregates bank transactions, categorizes monthly expenses with interactive charts, and alerts users when category budgets exceed limits. Technologies applied: React, TypeScript, Node.js, PostgreSQL, Chart.js.","Personal Finance & Budget Tracking Web App with Plaid API | React, TypeScript, Node.js, PostgreSQL, Chart.js | Aggregates bank transactions, categorizes monthly expenses with interactive charts, and alerts users when category budgets exceed limits.",1,Applied Capstone
Multi-Tenant SaaS Backend with Row-Level Security and Dynamic Schema Provisioning,"Node.js, TypeScript, PostgreSQL, Prisma, Redis, Docker","Architected multi-tenant cloud architecture supporting 500+ enterprise organizations with tenant data isolation via PostgreSQL Row-Level Security (RLS), tenant-scoped Redis caching, and Stripe usage metering.","Multi-Tenant SaaS Backend with Row-Level Security and Dynamic Schema Provisioning. Tech stack: Node.js, TypeScript, PostgreSQL, Prisma, Redis, Docker. Description: Architected multi-tenant cloud architecture supporting 500+ enterprise organizations with tenant data isolation via PostgreSQL Row-Level Security (RLS), tenant-scoped Redis caching, and Stripe usage metering.",2,Production-Ready
Hospital Management and Doctor Appointment Scheduling System,"React, Spring Boot, MySQL, REST API","Role-based access system for doctors, patients and admins to book appointments, view medical records, manage prescription history and export PDF reports.","Hospital Management and Doctor Appointment Scheduling System. Tech stack: React, Spring Boot, MySQL, REST API. Description: Role-based access system for doctors, patients and admins to book appointments, view medical records, manage prescription history and export PDF reports.",1,Applied Capstone
Full-Stack E-Commerce Web Platform with Stripe Checkout,"React, Node.js, Express, MongoDB, Stripe API, JWT","Built using React, Node.js, Express, MongoDB, Stripe API, JWT. Engineered end-to-end shopping application with product catalogs, shopping cart, user JWT authentication, order tracking and secure Stripe checkout payment integration.","Project: Full-Stack E-Commerce Web Platform with Stripe Checkout. Implemented using React, Node.js, Express, MongoDB, Stripe API, JWT. Engineered end-to-end shopping application with product catalogs, shopping cart, user JWT authentication, order tracking and secure Stripe checkout payment integration.",1,Applied Capstone
Simple quiz application with score calculation,"Python, Tkinter","Key Highlights: Multiple choice question quiz with countdown timer and final score display. Technologies applied: Python, Tkinter.","Simple quiz application with score calculation | Python, Tkinter | Multiple choice question quiz with countdown timer and final score display.",0,Academic/Tutorial
Distributed High-Throughput Event Streaming Pipeline with Apache Kafka and Flink,"Python, Go, Apache Kafka, Apache Flink, Docker, Kubernetes, Prometheus","Built using Python, Go, Apache Kafka, Apache Flink, Docker, Kubernetes, Prometheus. Architected a real-time event streaming pipeline processing 60,000+ events/sec. Implemented distributed consumer groups with partition rebalancing, stateful stream windowing, dead-letter queues, and Prometheus/Grafana latency monitoring.","Project: Distributed High-Throughput Event Streaming Pipeline with Apache Kafka and Flink. Implemented using Python, Go, Apache Kafka, Apache Flink, Docker, Kubernetes, Prometheus. Architected a real-time event streaming pipeline processing 60,000+ events/sec. Implemented distributed consumer groups with partition rebalancing, stateful stream windowing, dead-letter queues, and Prometheus/Grafana latency monitoring.",2,Production-Ready
Expense tracker in Excel and Python,"Python, Pandas",Reads CSV transactions and prints monthly category expense totals.,"Expense tracker in Excel and Python. Tech stack: Python, Pandas. Description: Reads CSV transactions and prints monthly category expense totals.",0,Academic/Tutorial
Simple notes app with local database,"Android, SQLite, Java","Basic notes app with title, content and delete options.","Simple notes app with local database. Tech stack: Android, SQLite, Java. Description: Basic notes app with title, content and delete options.",0,Academic/Tutorial
Distributed Rate Limiter and API Gateway with Token Bucket Algorithm,"Go, Redis, Docker, Nginx, Prometheus","Engineered an edge API gateway implementing sliding window and token bucket rate limiting algorithms backed by atomic Redis Lua scripts, throttling 100k requests/sec with under 2ms overhead.","Distributed Rate Limiter and API Gateway with Token Bucket Algorithm. Tech stack: Go, Redis, Docker, Nginx, Prometheus. Description: Engineered an edge API gateway implementing sliding window and token bucket rate limiting algorithms backed by atomic Redis Lua scripts, throttling 100k requests/sec with under 2ms overhead.",2,Production-Ready
Color palette generator using random hex codes,"HTML, CSS, JavaScript","Key Highlights: Displays 5 random color tiles with hex code copy functionality. Technologies applied: HTML, CSS, JavaScript.","Color palette generator using random hex codes | HTML, CSS, JavaScript | Displays 5 random color tiles with hex code copy functionality.",0,Academic/Tutorial
Unit converter application for currency and length,"Java, Swing","Built using Java, Swing. Desktop GUI for converting miles to kilometers and USD to INR.","Project: Unit converter application for currency and length. Implemented using Java, Swing. Desktop GUI for converting miles to kilometers and USD to INR.",0,Academic/Tutorial
Federated Learning Privacy-Preserving Health Analytics Framework,"Python, PySyft, PyTorch, Docker, Cryptography","Key Highlights: Implemented decentralized model training across simulated hospital nodes without centralizing patient data, utilizing differential privacy noise addition and secure multi-party computation (SMPC). Technologies applied: Python, PySyft, PyTorch, Docker, Cryptography.","Federated Learning Privacy-Preserving Health Analytics Framework | Python, PySyft, PyTorch, Docker, Cryptography | Implemented decentralized model training across simulated hospital nodes without centralizing patient data, utilizing differential privacy noise addition and secure multi-party computation (SMPC).",2,Production-Ready
Student record management system with file handling,"C++, File I/O",Console-based CRUD application storing student marks and names in a text file.,"Student record management system with file handling. Tech stack: C++, File I/O. Description: Console-based CRUD application storing student marks and names in a text file.",0,Academic/Tutorial
Gym Membership and Workout Scheduling Management System,"Angular, .NET Core, SQL Server","Built using Angular, .NET Core, SQL Server. Tracks member subscriptions, biometric attendance logging, trainer schedules and invoice billing generation.","Project: Gym Membership and Workout Scheduling Management System. Implemented using Angular, .NET Core, SQL Server. Tracks member subscriptions, biometric attendance logging, trainer schedules and invoice billing generation.",1,Applied Capstone
Basic blog website with SQLite and Flask,"Python, Flask, SQLite","Key Highlights: Basic CRUD app where admin can write posts and view them in a list. Technologies applied: Python, Flask, SQLite.","Basic blog website with SQLite and Flask | Python, Flask, SQLite | Basic CRUD app where admin can write posts and view them in a list.",0,Academic/Tutorial
Hotel Booking and Room Reservation System,"Ruby on Rails, PostgreSQL, StimulusJS","Handles room availability searches, seasonal pricing rules, guest check-in/out workflows and automated booking confirmation emails.","Hotel Booking and Room Reservation System. Tech stack: Ruby on Rails, PostgreSQL, StimulusJS. Description: Handles room availability searches, seasonal pricing rules, guest check-in/out workflows and automated booking confirmation emails.",1,Applied Capstone
Food Delivery App with Live Order Status Updates,"React Native, Node.js, Express, MongoDB, Socket.io","Built using React Native, Node.js, Express, MongoDB, Socket.io. Cross-platform mobile application with restaurant menus, cart management, address geocoding and real-time order status lifecycle.","Project: Food Delivery App with Live Order Status Updates. Implemented using React Native, Node.js, Express, MongoDB, Socket.io. Cross-platform mobile application with restaurant menus, cart management, address geocoding and real-time order status lifecycle.",1,Applied Capstone
House price prediction using Linear Regression on Boston Housing dataset,"Python, Scikit-Learn","Key Highlights: Basic single-model regression predicting housing prices with MSE evaluation. Technologies applied: Python, Scikit-Learn.","House price prediction using Linear Regression on Boston Housing dataset | Python, Scikit-Learn | Basic single-model regression predicting housing prices with MSE evaluation.",0,Academic/Tutorial
Social Media Analytics Dashboard with Automated PDF Reports,"Python, Flask, React, Chart.js, Pandas","Key Highlights: Connects to social APIs, tracks follower growth, engagement rates and sentiment, with automated weekly executive PDF summaries. Technologies applied: Python, Flask, React, Chart.js, Pandas.","Social Media Analytics Dashboard with Automated PDF Reports | Python, Flask, React, Chart.js, Pandas | Connects to social APIs, tracks follower growth, engagement rates and sentiment, with automated weekly executive PDF summaries.",1,Applied Capstone
Scalable Video Transcoding Distributed Queue with FFmpeg and Spot Instances,"Python, Celery, Redis, AWS S3, Docker, FFmpeg","Engineered chunked video transcoding engine splitting 4K uploads into parallel segments, encoding HLS adaptive bitrate streams across auto-scaling spot worker instances, saving 65% compute costs.","Scalable Video Transcoding Distributed Queue with FFmpeg and Spot Instances. Tech stack: Python, Celery, Redis, AWS S3, Docker, FFmpeg. Description: Engineered chunked video transcoding engine splitting 4K uploads into parallel segments, encoding HLS adaptive bitrate streams across auto-scaling spot worker instances, saving 65% compute costs.",2,Production-Ready
Automated Resume Screening Tool with TF-IDF Matching,"Python, Streamlit, Scikit-Learn, PyPDF2","Key Highlights: Uploads multiple candidate resumes, extracts keywords and calculates cosine similarity against recruiter job descriptions with ranking table. Technologies applied: Python, Streamlit, Scikit-Learn, PyPDF2.","Automated Resume Screening Tool with TF-IDF Matching | Python, Streamlit, Scikit-Learn, PyPDF2 | Uploads multiple candidate resumes, extracts keywords and calculates cosine similarity against recruiter job descriptions with ranking table.",1,Applied Capstone
"Calculator app with simple UI in HTML, CSS and JavaScript","HTML, CSS, JavaScript","Key Highlights: Basic mathematical operations with simple button layout and event listeners. Technologies applied: HTML, CSS, JavaScript.","Calculator app with simple UI in HTML, CSS and JavaScript | HTML, CSS, JavaScript | Basic mathematical operations with simple button layout and event listeners.",0,Academic/Tutorial
Barcode generator and reader using Python libraries,"Python, OpenCV","Built using Python, OpenCV. Generates QR codes and reads barcodes from camera feed.","Project: Barcode generator and reader using Python libraries. Implemented using Python, OpenCV. Generates QR codes and reads barcodes from camera feed.",0,Academic/Tutorial
Distributed High-Throughput Event Streaming Pipeline with Apache Kafka and Flink,"Python, Go, Apache Kafka, Apache Flink, Docker, Kubernetes, Prometheus","Key Highlights: Architected a real-time event streaming pipeline processing 60,000+ events/sec. Implemented distributed consumer groups with partition rebalancing, stateful stream windowing, dead-letter queues, and Prometheus/Grafana latency monitoring. Technologies applied: Python, Go, Apache Kafka, Apache Flink, Docker, Kubernetes, Prometheus.","Distributed High-Throughput Event Streaming Pipeline with Apache Kafka and Flink | Python, Go, Apache Kafka, Apache Flink, Docker, Kubernetes, Prometheus | Architected a real-time event streaming pipeline processing 60,000+ events/sec. Implemented distributed consumer groups with partition rebalancing, stateful stream windowing, dead-letter queues, and Prometheus/Grafana latency monitoring.",2,Production-Ready
Real Estate Property Marketplace with Mapbox Integration,"MERN Stack, Mapbox GL, Redux Toolkit, Cloudinary","Interactive property listing portal with geospatial search, filtering by price and square footage, image uploading and agent contact messaging.","Real Estate Property Marketplace with Mapbox Integration. Tech stack: MERN Stack, Mapbox GL, Redux Toolkit, Cloudinary. Description: Interactive property listing portal with geospatial search, filtering by price and square footage, image uploading and agent contact messaging.",1,Applied Capstone
Multi-Cloud Kubernetes Automated CI/CD Infrastructure with GitOps and Terraform,"Terraform, AWS EKS, ArgoCD, Docker, GitHub Actions, Helm, Vault","Built using Terraform, AWS EKS, ArgoCD, Docker, GitHub Actions, Helm, Vault. Automated zero-downtime infrastructure provisioning on AWS with Terraform. Configured ArgoCD GitOps pipelines, canary deployments with Istio service mesh, HashiCorp Vault secret injection, and automated blue-green rollouts.","Project: Multi-Cloud Kubernetes Automated CI/CD Infrastructure with GitOps and Terraform. Implemented using Terraform, AWS EKS, ArgoCD, Docker, GitHub Actions, Helm, Vault. Automated zero-downtime infrastructure provisioning on AWS with Terraform. Configured ArgoCD GitOps pipelines, canary deployments with Istio service mesh, HashiCorp Vault secret injection, and automated blue-green rollouts.",2,Production-Ready
Color palette generator using random hex codes,"HTML, CSS, JavaScript",Displays 5 random color tiles with hex code copy functionality.,"Color palette generator using random hex codes. Tech stack: HTML, CSS, JavaScript. Description: Displays 5 random color tiles with hex code copy functionality.",0,Academic/Tutorial
Compiler and Bytecode Virtual Machine for Custom Statically-Typed Language,"Rust, LLVM, AST Parsing","Key Highlights: Engineered a custom compiled programming language in Rust with hand-written recursive descent parser, static type checker, LLVM IR codegen, and JIT execution runtime with garbage collection. Technologies applied: Rust, LLVM, AST Parsing.","Compiler and Bytecode Virtual Machine for Custom Statically-Typed Language | Rust, LLVM, AST Parsing | Engineered a custom compiled programming language in Rust with hand-written recursive descent parser, static type checker, LLVM IR codegen, and JIT execution runtime with garbage collection.",2,Production-Ready
Iris flower classification using Scikit-Learn Logistic Regression,"Python, Scikit-learn, Pandas","Built using Python, Scikit-learn, Pandas. Standard beginner dataset predicting flower species with 95% accuracy.","Project: Iris flower classification using Scikit-Learn Logistic Regression. Implemented using Python, Scikit-learn, Pandas. Standard beginner dataset predicting flower species with 95% accuracy.",0,Academic/Tutorial
Social Media Analytics Dashboard with Automated PDF Reports,"Python, Flask, React, Chart.js, Pandas","Connects to social APIs, tracks follower growth, engagement rates and sentiment, with automated weekly executive PDF summaries.","Social Media Analytics Dashboard with Automated PDF Reports. Tech stack: Python, Flask, React, Chart.js, Pandas. Description: Connects to social APIs, tracks follower growth, engagement rates and sentiment, with automated weekly executive PDF summaries.",1,Applied Capstone
Enterprise Threat Detection SIEM Engine with Distributed Log Ingestion,"Python, Elasticsearch, Logstash, Kibana, Kafka, Docker","Built a real-time security log analysis pipeline ingesting 15M+ daily network logs. Implemented automated anomaly detection rules for brute-force attacks and port scanning, alerting incident response teams via webhooks within 2 seconds.","Enterprise Threat Detection SIEM Engine with Distributed Log Ingestion. Tech stack: Python, Elasticsearch, Logstash, Kibana, Kafka, Docker. Description: Built a real-time security log analysis pipeline ingesting 15M+ daily network logs. Implemented automated anomaly detection rules for brute-force attacks and port scanning, alerting incident response teams via webhooks within 2 seconds.",2,Production-Ready
Digital clock and stopwatch application,"JavaScript, CSS","Browser clock with start, stop, lap and reset functionalities.","Digital clock and stopwatch application. Tech stack: JavaScript, CSS. Description: Browser clock with start, stop, lap and reset functionalities.",0,Academic/Tutorial
Tic Tac Toe game with basic minimax algorithm,"Python, Tkinter","Key Highlights: 2-player desktop game with basic game loop and winner detection. Technologies applied: Python, Tkinter.","Tic Tac Toe game with basic minimax algorithm | Python, Tkinter | 2-player desktop game with basic game loop and winner detection.",0,Academic/Tutorial
Peer-to-Peer Car Rental Platform with Calendar Booking,"React, Express, MongoDB, Cloudinary","Built using React, Express, MongoDB, Cloudinary. Enables vehicle owners to list cars with daily rates, manage reservation calendars, and receive renter reviews.","Project: Peer-to-Peer Car Rental Platform with Calendar Booking. Implemented using React, Express, MongoDB, Cloudinary. Enables vehicle owners to list cars with daily rates, manage reservation calendars, and receive renter reviews.",1,Applied Capstone
High-Frequency Algorithmic Trading Execution Engine with Low-Latency Order Routing,"C++, ZeroMQ, Redis, Multithreading, Linux Sockets","Built using C++, ZeroMQ, Redis, Multithreading, Linux Sockets. Developed an order execution engine in modern C++ with lock-free ring buffers, sub-millisecond execution over ZeroMQ, WebSocket market depth feeds, and automated risk check circuit breakers.","Project: High-Frequency Algorithmic Trading Execution Engine with Low-Latency Order Routing. Implemented using C++, ZeroMQ, Redis, Multithreading, Linux Sockets. Developed an order execution engine in modern C++ with lock-free ring buffers, sub-millisecond execution over ZeroMQ, WebSocket market depth feeds, and automated risk check circuit breakers.",2,Production-Ready
Weather app using OpenWeather API in React,"React, CSS, JavaScript",Fetches current temperature and weather description from a public API based on city name.,"Weather app using OpenWeather API in React. Tech stack: React, CSS, JavaScript. Description: Fetches current temperature and weather description from a public API based on city name.",0,Academic/Tutorial
Simple quiz application with score calculation,"Python, Tkinter",Multiple choice question quiz with countdown timer and final score display.,"Simple quiz application with score calculation. Tech stack: Python, Tkinter. Description: Multiple choice question quiz with countdown timer and final score display.",0,Academic/Tutorial
Multi-Tenant SaaS Backend with Row-Level Security and Dynamic Schema Provisioning,"Node.js, TypeScript, PostgreSQL, Prisma, Redis, Docker","Key Highlights: Architected multi-tenant cloud architecture supporting 500+ enterprise organizations with tenant data isolation via PostgreSQL Row-Level Security (RLS), tenant-scoped Redis caching, and Stripe usage metering. Technologies applied: Node.js, TypeScript, PostgreSQL, Prisma, Redis, Docker.","Multi-Tenant SaaS Backend with Row-Level Security and Dynamic Schema Provisioning | Node.js, TypeScript, PostgreSQL, Prisma, Redis, Docker | Architected multi-tenant cloud architecture supporting 500+ enterprise organizations with tenant data isolation via PostgreSQL Row-Level Security (RLS), tenant-scoped Redis caching, and Stripe usage metering.",2,Production-Ready
To-Do List application using vanilla JavaScript and localStorage,"JavaScript, HTML, CSS","Built using JavaScript, HTML, CSS. Allows users to add, mark complete and delete daily tasks saved in browser local storage.","Project: To-Do List application using vanilla JavaScript and localStorage. Implemented using JavaScript, HTML, CSS. Allows users to add, mark complete and delete daily tasks saved in browser local storage.",0,Academic/Tutorial
Unit converter application for currency and length,"Java, Swing","Key Highlights: Desktop GUI for converting miles to kilometers and USD to INR. Technologies applied: Java, Swing.","Unit converter application for currency and length | Java, Swing | Desktop GUI for converting miles to kilometers and USD to INR.",0,Academic/Tutorial
High-Concurrency Microservices E-Commerce Backend with gRPC and Distributed Tracing,"Go, gRPC, Docker, Kubernetes, PostgreSQL, Redis, Jaeger, Nginx","Key Highlights: Designed decoupled microservices (Auth, Inventory, Orders, Payments) communicating over protobuf gRPC. Implemented distributed transactions with Saga pattern, distributed Redis locking for race-condition prevention, and Jaeger tracing for latency profiling. Technologies applied: Go, gRPC, Docker, Kubernetes, PostgreSQL, Redis, Jaeger, Nginx.","High-Concurrency Microservices E-Commerce Backend with gRPC and Distributed Tracing | Go, gRPC, Docker, Kubernetes, PostgreSQL, Redis, Jaeger, Nginx | Designed decoupled microservices (Auth, Inventory, Orders, Payments) communicating over protobuf gRPC. Implemented distributed transactions with Saga pattern, distributed Redis locking for race-condition prevention, and Jaeger tracing for latency profiling.",2,Production-Ready
Production-Grade RAG Search Engine with Vector Database and Hybrid Sparse-Dense Retrieval,"FastAPI, Qdrant, LangChain, PyTorch, Docker, Celery, Redis","Key Highlights: Engineered an enterprise RAG knowledge engine utilizing hybrid BM25 and dense vector embeddings (BGE-large) indexed in Qdrant. Containerized with Docker, deployed with asynchronous Celery workers for PDF chunking, sub-120ms p99 latency, and Redis query caching. Technologies applied: FastAPI, Qdrant, LangChain, PyTorch, Docker, Celery, Redis.","Production-Grade RAG Search Engine with Vector Database and Hybrid Sparse-Dense Retrieval | FastAPI, Qdrant, LangChain, PyTorch, Docker, Celery, Redis | Engineered an enterprise RAG knowledge engine utilizing hybrid BM25 and dense vector embeddings (BGE-large) indexed in Qdrant. Containerized with Docker, deployed with asynchronous Celery workers for PDF chunking, sub-120ms p99 latency, and Redis query caching.",2,Production-Ready
Automated Resume Screening Tool with TF-IDF Matching,"Python, Streamlit, Scikit-Learn, PyPDF2","Built using Python, Streamlit, Scikit-Learn, PyPDF2. Uploads multiple candidate resumes, extracts keywords and calculates cosine similarity against recruiter job descriptions with ranking table.","Project: Automated Resume Screening Tool with TF-IDF Matching. Implemented using Python, Streamlit, Scikit-Learn, PyPDF2. Uploads multiple candidate resumes, extracts keywords and calculates cosine similarity against recruiter job descriptions with ranking table.",1,Applied Capstone
Production-Grade RAG Search Engine with Vector Database and Hybrid Sparse-Dense Retrieval,"FastAPI, Qdrant, LangChain, PyTorch, Docker, Celery, Redis","Built using FastAPI, Qdrant, LangChain, PyTorch, Docker, Celery, Redis. Engineered an enterprise RAG knowledge engine utilizing hybrid BM25 and dense vector embeddings (BGE-large) indexed in Qdrant. Containerized with Docker, deployed with asynchronous Celery workers for PDF chunking, sub-120ms p99 latency, and Redis query caching.","Project: Production-Grade RAG Search Engine with Vector Database and Hybrid Sparse-Dense Retrieval. Implemented using FastAPI, Qdrant, LangChain, PyTorch, Docker, Celery, Redis. Engineered an enterprise RAG knowledge engine utilizing hybrid BM25 and dense vector embeddings (BGE-large) indexed in Qdrant. Containerized with Docker, deployed with asynchronous Celery workers for PDF chunking, sub-120ms p99 latency, and Redis query caching.",2,Production-Ready
Tic Tac Toe game with basic minimax algorithm,"Python, Tkinter","Built using Python, Tkinter. 2-player desktop game with basic game loop and winner detection.","Project: Tic Tac Toe game with basic minimax algorithm. Implemented using Python, Tkinter. 2-player desktop game with basic game loop and winner detection.",0,Academic/Tutorial
Expense tracker in Excel and Python,"Python, Pandas","Key Highlights: Reads CSV transactions and prints monthly category expense totals. Technologies applied: Python, Pandas.","Expense tracker in Excel and Python | Python, Pandas | Reads CSV transactions and prints monthly category expense totals.",0,Academic/Tutorial
Real-Time Geospatial Driver-Rider Matching Engine with H3 Hexagonal Hierarchical Spatial Index,"Go, Redis Geospatial, PostgreSQL, PostGIS, WebSockets","Built using Go, Redis Geospatial, PostgreSQL, PostGIS, WebSockets. Built a high-scale ride-hailing dispatch engine utilizing Uber H3 hexagonal spatial indexing, sub-50ms driver clustering, spatial nearest-neighbor search, and real-time GPS telemetry broadcasting.","Project: Real-Time Geospatial Driver-Rider Matching Engine with H3 Hexagonal Hierarchical Spatial Index. Implemented using Go, Redis Geospatial, PostgreSQL, PostGIS, WebSockets. Built a high-scale ride-hailing dispatch engine utilizing Uber H3 hexagonal spatial indexing, sub-50ms driver clustering, spatial nearest-neighbor search, and real-time GPS telemetry broadcasting.",2,Production-Ready
High-Concurrency Microservices E-Commerce Backend with gRPC and Distributed Tracing,"Go, gRPC, Docker, Kubernetes, PostgreSQL, Redis, Jaeger, Nginx","Designed decoupled microservices (Auth, Inventory, Orders, Payments) communicating over protobuf gRPC. Implemented distributed transactions with Saga pattern, distributed Redis locking for race-condition prevention, and Jaeger tracing for latency profiling.","High-Concurrency Microservices E-Commerce Backend with gRPC and Distributed Tracing. Tech stack: Go, gRPC, Docker, Kubernetes, PostgreSQL, Redis, Jaeger, Nginx. Description: Designed decoupled microservices (Auth, Inventory, Orders, Payments) communicating over protobuf gRPC. Implemented distributed transactions with Saga pattern, distributed Redis locking for race-condition prevention, and Jaeger tracing for latency profiling.",2,Production-Ready
"Calculator app with simple UI in HTML, CSS and JavaScript","HTML, CSS, JavaScript",Basic mathematical operations with simple button layout and event listeners.,"Calculator app with simple UI in HTML, CSS and JavaScript. Tech stack: HTML, CSS, JavaScript. Description: Basic mathematical operations with simple button layout and event listeners.",0,Academic/Tutorial
"Cloud-Native Serverless Data Pipeline with EventBridge, Lambda and Snowflake","Python, AWS Lambda, EventBridge, S3, Snowflake, dbt","Engineered automated serverless ETL ingestion handling 2TB monthly analytics data, transforming raw JSON payloads via dbt models into optimized dimensional data warehouses.","Cloud-Native Serverless Data Pipeline with EventBridge, Lambda and Snowflake. Tech stack: Python, AWS Lambda, EventBridge, S3, Snowflake, dbt. Description: Engineered automated serverless ETL ingestion handling 2TB monthly analytics data, transforming raw JSON payloads via dbt models into optimized dimensional data warehouses.",2,Production-Ready
Enterprise Threat Detection SIEM Engine with Distributed Log Ingestion,"Python, Elasticsearch, Logstash, Kibana, Kafka, Docker","Built using Python, Elasticsearch, Logstash, Kibana, Kafka, Docker. Built a real-time security log analysis pipeline ingesting 15M+ daily network logs. Implemented automated anomaly detection rules for brute-force attacks and port scanning, alerting incident response teams via webhooks within 2 seconds.","Project: Enterprise Threat Detection SIEM Engine with Distributed Log Ingestion. Implemented using Python, Elasticsearch, Logstash, Kibana, Kafka, Docker. Built a real-time security log analysis pipeline ingesting 15M+ daily network logs. Implemented automated anomaly detection rules for brute-force attacks and port scanning, alerting incident response teams via webhooks within 2 seconds.",2,Production-Ready
Spam email classifier using CountVectorizer and MultinomialNB,"Python, Scikit-Learn","Built using Python, Scikit-Learn. Standard Kaggle SMS spam dataset classification tutorial.","Project: Spam email classifier using CountVectorizer and MultinomialNB. Implemented using Python, Scikit-Learn. Standard Kaggle SMS spam dataset classification tutorial.",0,Academic/Tutorial
Online Code Execution Platform with Sandboxed Runner,"React, Node.js, Docker, Express, MongoDB",Allows users to write and execute code in Python and C++ inside isolated Docker containers with execution time and memory limits.,"Online Code Execution Platform with Sandboxed Runner. Tech stack: React, Node.js, Docker, Express, MongoDB. Description: Allows users to write and execute code in Python and C++ inside isolated Docker containers with execution time and memory limits.",1,Applied Capstone
URL Shortener using Python and TinyURL API wrapper,Python,Built using Python. Calls public API to shorten URLs without custom redirection server.,Project: URL Shortener using Python and TinyURL API wrapper. Implemented using Python. Calls public API to shorten URLs without custom redirection server.,0,Academic/Tutorial
Rock Paper Scissors game with computer AI,Python,Key Highlights: CLI game played against random computer choices. Technologies applied: Python.,Rock Paper Scissors game with computer AI | Python | CLI game played against random computer choices.,0,Academic/Tutorial
Peer-to-Peer Car Rental Platform with Calendar Booking,"React, Express, MongoDB, Cloudinary","Key Highlights: Enables vehicle owners to list cars with daily rates, manage reservation calendars, and receive renter reviews. Technologies applied: React, Express, MongoDB, Cloudinary.","Peer-to-Peer Car Rental Platform with Calendar Booking | React, Express, MongoDB, Cloudinary | Enables vehicle owners to list cars with daily rates, manage reservation calendars, and receive renter reviews.",1,Applied Capstone
Simple quiz application with score calculation,"Python, Tkinter","Built using Python, Tkinter. Multiple choice question quiz with countdown timer and final score display.","Project: Simple quiz application with score calculation. Implemented using Python, Tkinter. Multiple choice question quiz with countdown timer and final score display.",0,Academic/Tutorial
Basic blog website with SQLite and Flask,"Python, Flask, SQLite","Built using Python, Flask, SQLite. Basic CRUD app where admin can write posts and view them in a list.","Project: Basic blog website with SQLite and Flask. Implemented using Python, Flask, SQLite. Basic CRUD app where admin can write posts and view them in a list.",0,Academic/Tutorial
Real-Time Geospatial Driver-Rider Matching Engine with H3 Hexagonal Hierarchical Spatial Index,"Go, Redis Geospatial, PostgreSQL, PostGIS, WebSockets","Key Highlights: Built a high-scale ride-hailing dispatch engine utilizing Uber H3 hexagonal spatial indexing, sub-50ms driver clustering, spatial nearest-neighbor search, and real-time GPS telemetry broadcasting. Technologies applied: Go, Redis Geospatial, PostgreSQL, PostGIS, WebSockets.","Real-Time Geospatial Driver-Rider Matching Engine with H3 Hexagonal Hierarchical Spatial Index | Go, Redis Geospatial, PostgreSQL, PostGIS, WebSockets | Built a high-scale ride-hailing dispatch engine utilizing Uber H3 hexagonal spatial indexing, sub-50ms driver clustering, spatial nearest-neighbor search, and real-time GPS telemetry broadcasting.",2,Production-Ready
Fault-Tolerant Distributed Key-Value Store with Raft Consensus Algorithm,"Go, Raft Protocol, gRPC, LevelDB","Engineered a distributed, strongly-consistent key-value storage engine from scratch implementing the Raft consensus protocol. Handled leader election, log replication, snapshotting, and simulated network partitions with 99.99% data consistency.","Fault-Tolerant Distributed Key-Value Store with Raft Consensus Algorithm. Tech stack: Go, Raft Protocol, gRPC, LevelDB. Description: Engineered a distributed, strongly-consistent key-value storage engine from scratch implementing the Raft consensus protocol. Handled leader election, log replication, snapshotting, and simulated network partitions with 99.99% data consistency.",2,Production-Ready
Autonomous Drone Flight Controller with Extended Kalman Filter and ROS 2,"C++, ROS 2, PX4, Gazebo, Kalman Filter","Built using C++, ROS 2, PX4, Gazebo, Kalman Filter. Developed flight state estimation algorithms fusing IMU, barometer and GPS sensor streams via Extended Kalman Filter (EKF) with sub-10cm position hold accuracy under simulated wind disturbance.","Project: Autonomous Drone Flight Controller with Extended Kalman Filter and ROS 2. Implemented using C++, ROS 2, PX4, Gazebo, Kalman Filter. Developed flight state estimation algorithms fusing IMU, barometer and GPS sensor streams via Extended Kalman Filter (EKF) with sub-10cm position hold accuracy under simulated wind disturbance.",2,Production-Ready
House price prediction using Linear Regression on Boston Housing dataset,"Python, Scikit-Learn","Built using Python, Scikit-Learn. Basic single-model regression predicting housing prices with MSE evaluation.","Project: House price prediction using Linear Regression on Boston Housing dataset. Implemented using Python, Scikit-Learn. Basic single-model regression predicting housing prices with MSE evaluation.",0,Academic/Tutorial
Iris flower classification using Scikit-Learn Logistic Regression,"Python, Scikit-learn, Pandas","Key Highlights: Standard beginner dataset predicting flower species with 95% accuracy. Technologies applied: Python, Scikit-learn, Pandas.","Iris flower classification using Scikit-Learn Logistic Regression | Python, Scikit-learn, Pandas | Standard beginner dataset predicting flower species with 95% accuracy.",0,Academic/Tutorial
Multi-Cloud Kubernetes Automated CI/CD Infrastructure with GitOps and Terraform,"Terraform, AWS EKS, ArgoCD, Docker, GitHub Actions, Helm, Vault","Key Highlights: Automated zero-downtime infrastructure provisioning on AWS with Terraform. Configured ArgoCD GitOps pipelines, canary deployments with Istio service mesh, HashiCorp Vault secret injection, and automated blue-green rollouts. Technologies applied: Terraform, AWS EKS, ArgoCD, Docker, GitHub Actions, Helm, Vault.","Multi-Cloud Kubernetes Automated CI/CD Infrastructure with GitOps and Terraform | Terraform, AWS EKS, ArgoCD, Docker, GitHub Actions, Helm, Vault | Automated zero-downtime infrastructure provisioning on AWS with Terraform. Configured ArgoCD GitOps pipelines, canary deployments with Istio service mesh, HashiCorp Vault secret injection, and automated blue-green rollouts.",2,Production-Ready
High-Concurrency Microservices E-Commerce Backend with gRPC and Distributed Tracing,"Go, gRPC, Docker, Kubernetes, PostgreSQL, Redis, Jaeger, Nginx","Built using Go, gRPC, Docker, Kubernetes, PostgreSQL, Redis, Jaeger, Nginx. Designed decoupled microservices (Auth, Inventory, Orders, Payments) communicating over protobuf gRPC. Implemented distributed transactions with Saga pattern, distributed Redis locking for race-condition prevention, and Jaeger tracing for latency profiling.","Project: High-Concurrency Microservices E-Commerce Backend with gRPC and Distributed Tracing. Implemented using Go, gRPC, Docker, Kubernetes, PostgreSQL, Redis, Jaeger, Nginx. Designed decoupled microservices (Auth, Inventory, Orders, Payments) communicating over protobuf gRPC. Implemented distributed transactions with Saga pattern, distributed Redis locking for race-condition prevention, and Jaeger tracing for latency profiling.",2,Production-Ready
Real-Time Collaborative Chat Application with WebSockets,"React, Node.js, Socket.io, Express, MongoDB","Enables instant one-on-one and group messaging, online presence tracking, message typing indicators and media sharing with WebSockets.","Real-Time Collaborative Chat Application with WebSockets. Tech stack: React, Node.js, Socket.io, Express, MongoDB. Description: Enables instant one-on-one and group messaging, online presence tracking, message typing indicators and media sharing with WebSockets.",1,Applied Capstone
Gym Membership and Workout Scheduling Management System,"Angular, .NET Core, SQL Server","Tracks member subscriptions, biometric attendance logging, trainer schedules and invoice billing generation.","Gym Membership and Workout Scheduling Management System. Tech stack: Angular, .NET Core, SQL Server. Description: Tracks member subscriptions, biometric attendance logging, trainer schedules and invoice billing generation.",1,Applied Capstone
Hospital Management and Doctor Appointment Scheduling System,"React, Spring Boot, MySQL, REST API","Built using React, Spring Boot, MySQL, REST API. Role-based access system for doctors, patients and admins to book appointments, view medical records, manage prescription history and export PDF reports.","Project: Hospital Management and Doctor Appointment Scheduling System. Implemented using React, Spring Boot, MySQL, REST API. Role-based access system for doctors, patients and admins to book appointments, view medical records, manage prescription history and export PDF reports.",1,Applied Capstone
College Placement Management and Student Tracking Portal,"Next.js, FastAPI, PostgreSQL, TailwindCSS","Automated drive registration, student eligibility filtering, resume download batching and placement statistics dashboard for university T&P cell.","College Placement Management and Student Tracking Portal. Tech stack: Next.js, FastAPI, PostgreSQL, TailwindCSS. Description: Automated drive registration, student eligibility filtering, resume download batching and placement statistics dashboard for university T&P cell.",1,Applied Capstone
Basic blog website with SQLite and Flask,"Python, Flask, SQLite",Basic CRUD app where admin can write posts and view them in a list.,"Basic blog website with SQLite and Flask. Tech stack: Python, Flask, SQLite. Description: Basic CRUD app where admin can write posts and view them in a list.",0,Academic/Tutorial
Expense tracker in Excel and Python,"Python, Pandas","Built using Python, Pandas. Reads CSV transactions and prints monthly category expense totals.","Project: Expense tracker in Excel and Python. Implemented using Python, Pandas. Reads CSV transactions and prints monthly category expense totals.",0,Academic/Tutorial
Library Management System with RFID Barcode Scanning,"Java, JavaFX, MySQL, iText PDF","Automated book checkout, late fee calculation, return date notifications, and student membership verification.","Library Management System with RFID Barcode Scanning. Tech stack: Java, JavaFX, MySQL, iText PDF. Description: Automated book checkout, late fee calculation, return date notifications, and student membership verification.",1,Applied Capstone
College Placement Management and Student Tracking Portal,"Next.js, FastAPI, PostgreSQL, TailwindCSS","Key Highlights: Automated drive registration, student eligibility filtering, resume download batching and placement statistics dashboard for university T&P cell. Technologies applied: Next.js, FastAPI, PostgreSQL, TailwindCSS.","College Placement Management and Student Tracking Portal | Next.js, FastAPI, PostgreSQL, TailwindCSS | Automated drive registration, student eligibility filtering, resume download batching and placement statistics dashboard for university T&P cell.",1,Applied Capstone
Full-Stack E-Commerce Web Platform with Stripe Checkout,"React, Node.js, Express, MongoDB, Stripe API, JWT","Key Highlights: Engineered end-to-end shopping application with product catalogs, shopping cart, user JWT authentication, order tracking and secure Stripe checkout payment integration. Technologies applied: React, Node.js, Express, MongoDB, Stripe API, JWT.","Full-Stack E-Commerce Web Platform with Stripe Checkout | React, Node.js, Express, MongoDB, Stripe API, JWT | Engineered end-to-end shopping application with product catalogs, shopping cart, user JWT authentication, order tracking and secure Stripe checkout payment integration.",1,Applied Capstone
Distributed Web Crawler and Search Indexer with Politeness and Deduplication,"Python, Scrapy, Redis, Elasticsearch, Docker","Built a distributed web crawler indexing 500k web pages daily, featuring URL frontier priority queues in Redis, Bloom filter deduplication, robots.txt compliance, and Elasticsearch full-text indexing.","Distributed Web Crawler and Search Indexer with Politeness and Deduplication. Tech stack: Python, Scrapy, Redis, Elasticsearch, Docker. Description: Built a distributed web crawler indexing 500k web pages daily, featuring URL frontier priority queues in Redis, Bloom filter deduplication, robots.txt compliance, and Elasticsearch full-text indexing.",2,Production-Ready
Autonomous Edge Computer Vision Pipeline with TensorRT Optimization and RTSP Streaming,"C++, Python, TensorRT, CUDA, DeepStream, Docker, OpenCV","Built using C++, Python, TensorRT, CUDA, DeepStream, Docker, OpenCV. Optimized deep learning YOLO detection models using TensorRT FP16 quantization on Jetson edge devices, maintaining 45 FPS over 8 concurrent RTSP video streams with under 15W power consumption.","Project: Autonomous Edge Computer Vision Pipeline with TensorRT Optimization and RTSP Streaming. Implemented using C++, Python, TensorRT, CUDA, DeepStream, Docker, OpenCV. Optimized deep learning YOLO detection models using TensorRT FP16 quantization on Jetson edge devices, maintaining 45 FPS over 8 concurrent RTSP video streams with under 15W power consumption.",2,Production-Ready
Barcode generator and reader using Python libraries,"Python, OpenCV","Key Highlights: Generates QR codes and reads barcodes from camera feed. Technologies applied: Python, OpenCV.","Barcode generator and reader using Python libraries | Python, OpenCV | Generates QR codes and reads barcodes from camera feed.",0,Academic/Tutorial
Customer Relationship Management (CRM) System with Lead Pipeline,"Vue.js, Python, Flask, PostgreSQL, Celery","Built using Vue.js, Python, Flask, PostgreSQL, Celery. Tracks sales leads through kanban stages, schedules follow-up email notifications and displays monthly revenue conversion charts.","Project: Customer Relationship Management (CRM) System with Lead Pipeline. Implemented using Vue.js, Python, Flask, PostgreSQL, Celery. Tracks sales leads through kanban stages, schedules follow-up email notifications and displays monthly revenue conversion charts.",1,Applied Capstone
Zero-Trust Identity and Access Management (IAM) Proxy with Mutual TLS (mTLS),"Go, mTLS, OAuth2, OpenID Connect, Envoy, Docker",Engineered zero-trust proxy enforcing cryptographic client certificate authentication and fine-grained Open Policy Agent (OPA) RBAC rules across internal microservice endpoints.,"Zero-Trust Identity and Access Management (IAM) Proxy with Mutual TLS (mTLS). Tech stack: Go, mTLS, OAuth2, OpenID Connect, Envoy, Docker. Description: Engineered zero-trust proxy enforcing cryptographic client certificate authentication and fine-grained Open Policy Agent (OPA) RBAC rules across internal microservice endpoints.",2,Production-Ready
Rock Paper Scissors game with computer AI,Python,Built using Python. CLI game played against random computer choices.,Project: Rock Paper Scissors game with computer AI. Implemented using Python. CLI game played against random computer choices.,0,Academic/Tutorial
Fintech Payment Gateway Gateway with Idempotency and Webhook Retry Orchestrator,"Python, FastAPI, Redis, PostgreSQL, Celery, Docker, AWS SQS","Built an idempotent payment orchestration system preventing double-charge anomalies. Engineered exponential backoff retry workers with dead-letter queue handling, HMAC signature verification, and PCI-DSS compliant database encryption.","Fintech Payment Gateway Gateway with Idempotency and Webhook Retry Orchestrator. Tech stack: Python, FastAPI, Redis, PostgreSQL, Celery, Docker, AWS SQS. Description: Built an idempotent payment orchestration system preventing double-charge anomalies. Engineered exponential backoff retry workers with dead-letter queue handling, HMAC signature verification, and PCI-DSS compliant database encryption.",2,Production-Ready
To-Do List application using vanilla JavaScript and localStorage,"JavaScript, HTML, CSS","Allows users to add, mark complete and delete daily tasks saved in browser local storage.","To-Do List application using vanilla JavaScript and localStorage. Tech stack: JavaScript, HTML, CSS. Description: Allows users to add, mark complete and delete daily tasks saved in browser local storage.",0,Academic/Tutorial
Job Board Platform with Employer Dashboard & Candidate Application Tracking,"Next.js, Supabase, Tailwind CSS, Prisma","Allows employers to post listings, manage applicants in candidate pipelines, and lets job seekers apply with profile resumes.","Job Board Platform with Employer Dashboard & Candidate Application Tracking. Tech stack: Next.js, Supabase, Tailwind CSS, Prisma. Description: Allows employers to post listings, manage applicants in candidate pipelines, and lets job seekers apply with profile resumes.",1,Applied Capstone
Simple notes app with local database,"Android, SQLite, Java","Key Highlights: Basic notes app with title, content and delete options. Technologies applied: Android, SQLite, Java.","Simple notes app with local database | Android, SQLite, Java | Basic notes app with title, content and delete options.",0,Academic/Tutorial
Hotel Booking and Room Reservation System,"Ruby on Rails, PostgreSQL, StimulusJS","Built using Ruby on Rails, PostgreSQL, StimulusJS. Handles room availability searches, seasonal pricing rules, guest check-in/out workflows and automated booking confirmation emails.","Project: Hotel Booking and Room Reservation System. Implemented using Ruby on Rails, PostgreSQL, StimulusJS. Handles room availability searches, seasonal pricing rules, guest check-in/out workflows and automated booking confirmation emails.",1,Applied Capstone
"Cloud-Native Serverless Data Pipeline with EventBridge, Lambda and Snowflake","Python, AWS Lambda, EventBridge, S3, Snowflake, dbt","Built using Python, AWS Lambda, EventBridge, S3, Snowflake, dbt. Engineered automated serverless ETL ingestion handling 2TB monthly analytics data, transforming raw JSON payloads via dbt models into optimized dimensional data warehouses.","Project: Cloud-Native Serverless Data Pipeline with EventBridge, Lambda and Snowflake. Implemented using Python, AWS Lambda, EventBridge, S3, Snowflake, dbt. Engineered automated serverless ETL ingestion handling 2TB monthly analytics data, transforming raw JSON payloads via dbt models into optimized dimensional data warehouses.",2,Production-Ready
Fault-Tolerant Distributed Key-Value Store with Raft Consensus Algorithm,"Go, Raft Protocol, gRPC, LevelDB","Key Highlights: Engineered a distributed, strongly-consistent key-value storage engine from scratch implementing the Raft consensus protocol. Handled leader election, log replication, snapshotting, and simulated network partitions with 99.99% data consistency. Technologies applied: Go, Raft Protocol, gRPC, LevelDB.","Fault-Tolerant Distributed Key-Value Store with Raft Consensus Algorithm | Go, Raft Protocol, gRPC, LevelDB | Engineered a distributed, strongly-consistent key-value storage engine from scratch implementing the Raft consensus protocol. Handled leader election, log replication, snapshotting, and simulated network partitions with 99.99% data consistency.",2,Production-Ready
Real-Time Geospatial Driver-Rider Matching Engine with H3 Hexagonal Hierarchical Spatial Index,"Go, Redis Geospatial, PostgreSQL, PostGIS, WebSockets","Built a high-scale ride-hailing dispatch engine utilizing Uber H3 hexagonal spatial indexing, sub-50ms driver clustering, spatial nearest-neighbor search, and real-time GPS telemetry broadcasting.","Real-Time Geospatial Driver-Rider Matching Engine with H3 Hexagonal Hierarchical Spatial Index. Tech stack: Go, Redis Geospatial, PostgreSQL, PostGIS, WebSockets. Description: Built a high-scale ride-hailing dispatch engine utilizing Uber H3 hexagonal spatial indexing, sub-50ms driver clustering, spatial nearest-neighbor search, and real-time GPS telemetry broadcasting.",2,Production-Ready
Alarm clock GUI with snooze button,"Python, Tkinter, Pygame","Built using Python, Tkinter, Pygame. Plays sound when target time is reached.","Project: Alarm clock GUI with snooze button. Implemented using Python, Tkinter, Pygame. Plays sound when target time is reached.",0,Academic/Tutorial
Hospital Management and Doctor Appointment Scheduling System,"React, Spring Boot, MySQL, REST API","Key Highlights: Role-based access system for doctors, patients and admins to book appointments, view medical records, manage prescription history and export PDF reports. Technologies applied: React, Spring Boot, MySQL, REST API.","Hospital Management and Doctor Appointment Scheduling System | React, Spring Boot, MySQL, REST API | Role-based access system for doctors, patients and admins to book appointments, view medical records, manage prescription history and export PDF reports.",1,Applied Capstone
Digital clock and stopwatch application,"JavaScript, CSS","Built using JavaScript, CSS. Browser clock with start, stop, lap and reset functionalities.","Project: Digital clock and stopwatch application. Implemented using JavaScript, CSS. Browser clock with start, stop, lap and reset functionalities.",0,Academic/Tutorial
Weather app using OpenWeather API in React,"React, CSS, JavaScript","Built using React, CSS, JavaScript. Fetches current temperature and weather description from a public API based on city name.","Project: Weather app using OpenWeather API in React. Implemented using React, CSS, JavaScript. Fetches current temperature and weather description from a public API based on city name.",0,Academic/Tutorial
Gym Membership and Workout Scheduling Management System,"Angular, .NET Core, SQL Server","Key Highlights: Tracks member subscriptions, biometric attendance logging, trainer schedules and invoice billing generation. Technologies applied: Angular, .NET Core, SQL Server.","Gym Membership and Workout Scheduling Management System | Angular, .NET Core, SQL Server | Tracks member subscriptions, biometric attendance logging, trainer schedules and invoice billing generation.",1,Applied Capstone
Real Estate Property Marketplace with Mapbox Integration,"MERN Stack, Mapbox GL, Redux Toolkit, Cloudinary","Built using MERN Stack, Mapbox GL, Redux Toolkit, Cloudinary. Interactive property listing portal with geospatial search, filtering by price and square footage, image uploading and agent contact messaging.","Project: Real Estate Property Marketplace with Mapbox Integration. Implemented using MERN Stack, Mapbox GL, Redux Toolkit, Cloudinary. Interactive property listing portal with geospatial search, filtering by price and square footage, image uploading and agent contact messaging.",1,Applied Capstone
Real-Time Collaborative Chat Application with WebSockets,"React, Node.js, Socket.io, Express, MongoDB","Key Highlights: Enables instant one-on-one and group messaging, online presence tracking, message typing indicators and media sharing with WebSockets. Technologies applied: React, Node.js, Socket.io, Express, MongoDB.","Real-Time Collaborative Chat Application with WebSockets | React, Node.js, Socket.io, Express, MongoDB | Enables instant one-on-one and group messaging, online presence tracking, message typing indicators and media sharing with WebSockets.",1,Applied Capstone
Federated Learning Privacy-Preserving Health Analytics Framework,"Python, PySyft, PyTorch, Docker, Cryptography","Implemented decentralized model training across simulated hospital nodes without centralizing patient data, utilizing differential privacy noise addition and secure multi-party computation (SMPC).","Federated Learning Privacy-Preserving Health Analytics Framework. Tech stack: Python, PySyft, PyTorch, Docker, Cryptography. Description: Implemented decentralized model training across simulated hospital nodes without centralizing patient data, utilizing differential privacy noise addition and secure multi-party computation (SMPC).",2,Production-Ready
"Cloud-Native Serverless Data Pipeline with EventBridge, Lambda and Snowflake","Python, AWS Lambda, EventBridge, S3, Snowflake, dbt","Key Highlights: Engineered automated serverless ETL ingestion handling 2TB monthly analytics data, transforming raw JSON payloads via dbt models into optimized dimensional data warehouses. Technologies applied: Python, AWS Lambda, EventBridge, S3, Snowflake, dbt.","Cloud-Native Serverless Data Pipeline with EventBridge, Lambda and Snowflake | Python, AWS Lambda, EventBridge, S3, Snowflake, dbt | Engineered automated serverless ETL ingestion handling 2TB monthly analytics data, transforming raw JSON payloads via dbt models into optimized dimensional data warehouses.",2,Production-Ready
Learning Management System (LMS) with Course Video Streaming,"Django, PostgreSQL, React, AWS S3","Key Highlights: Platform with instructor dashboard, video course uploading, quiz grading, progress tracking and course completion certificate generation. Technologies applied: Django, PostgreSQL, React, AWS S3.","Learning Management System (LMS) with Course Video Streaming | Django, PostgreSQL, React, AWS S3 | Platform with instructor dashboard, video course uploading, quiz grading, progress tracking and course completion certificate generation.",1,Applied Capstone
Weather app using OpenWeather API in React,"React, CSS, JavaScript","Key Highlights: Fetches current temperature and weather description from a public API based on city name. Technologies applied: React, CSS, JavaScript.","Weather app using OpenWeather API in React | React, CSS, JavaScript | Fetches current temperature and weather description from a public API based on city name.",0,Academic/Tutorial
Student record management system with file handling,"C++, File I/O","Built using C++, File I/O. Console-based CRUD application storing student marks and names in a text file.","Project: Student record management system with file handling. Implemented using C++, File I/O. Console-based CRUD application storing student marks and names in a text file.",0,Academic/Tutorial
Basic sentiment analysis on movie reviews with Naive Bayes,"Python, NLTK","Key Highlights: Classifies positive and negative reviews on IMDb dataset. Technologies applied: Python, NLTK.","Basic sentiment analysis on movie reviews with Naive Bayes | Python, NLTK | Classifies positive and negative reviews on IMDb dataset.",0,Academic/Tutorial
Distributed Rate Limiter and API Gateway with Token Bucket Algorithm,"Go, Redis, Docker, Nginx, Prometheus","Built using Go, Redis, Docker, Nginx, Prometheus. Engineered an edge API gateway implementing sliding window and token bucket rate limiting algorithms backed by atomic Redis Lua scripts, throttling 100k requests/sec with under 2ms overhead.","Project: Distributed Rate Limiter and API Gateway with Token Bucket Algorithm. Implemented using Go, Redis, Docker, Nginx, Prometheus. Engineered an edge API gateway implementing sliding window and token bucket rate limiting algorithms backed by atomic Redis Lua scripts, throttling 100k requests/sec with under 2ms overhead.",2,Production-Ready
Event Ticketing and QR Code Check-in Mobile App,"Flutter, Firebase Firestore, Cloud Functions","Key Highlights: Mobile app for event discovery, ticket purchasing with QR generation, and volunteer ticket scanner verification. Technologies applied: Flutter, Firebase Firestore, Cloud Functions.","Event Ticketing and QR Code Check-in Mobile App | Flutter, Firebase Firestore, Cloud Functions | Mobile app for event discovery, ticket purchasing with QR generation, and volunteer ticket scanner verification.",1,Applied Capstone
Simple portfolio website with HTML5 and Bootstrap,"HTML5, CSS3, Bootstrap","Key Highlights: Static personal resume portfolio with about me, education and contact form. Technologies applied: HTML5, CSS3, Bootstrap.","Simple portfolio website with HTML5 and Bootstrap | HTML5, CSS3, Bootstrap | Static personal resume portfolio with about me, education and contact form.",0,Academic/Tutorial
Snake game with retro graphics in Pygame,"Python, Pygame",Controls 2D snake eating food and growing length with collision detection.,"Snake game with retro graphics in Pygame. Tech stack: Python, Pygame. Description: Controls 2D snake eating food and growing length with collision detection.",0,Academic/Tutorial
End-to-End MLOps Pipeline for Production Model Drift Monitoring and Auto-Retraining,"Python, MLflow, Airflow, Docker, FastAPI, Prometheus, Evidently AI","Key Highlights: Architected continuous training pipeline tracking data and concept drift on live inference traffic. Automated model registry versioning in MLflow, canary rollout evaluation, and trigger-based retraining via Apache Airflow DAGs. Technologies applied: Python, MLflow, Airflow, Docker, FastAPI, Prometheus, Evidently AI.","End-to-End MLOps Pipeline for Production Model Drift Monitoring and Auto-Retraining | Python, MLflow, Airflow, Docker, FastAPI, Prometheus, Evidently AI | Architected continuous training pipeline tracking data and concept drift on live inference traffic. Automated model registry versioning in MLflow, canary rollout evaluation, and trigger-based retraining via Apache Airflow DAGs.",2,Production-Ready
Hotel Booking and Room Reservation System,"Ruby on Rails, PostgreSQL, StimulusJS","Key Highlights: Handles room availability searches, seasonal pricing rules, guest check-in/out workflows and automated booking confirmation emails. Technologies applied: Ruby on Rails, PostgreSQL, StimulusJS.","Hotel Booking and Room Reservation System | Ruby on Rails, PostgreSQL, StimulusJS | Handles room availability searches, seasonal pricing rules, guest check-in/out workflows and automated booking confirmation emails.",1,Applied Capstone
Autonomous Edge Computer Vision Pipeline with TensorRT Optimization and RTSP Streaming,"C++, Python, TensorRT, CUDA, DeepStream, Docker, OpenCV","Optimized deep learning YOLO detection models using TensorRT FP16 quantization on Jetson edge devices, maintaining 45 FPS over 8 concurrent RTSP video streams with under 15W power consumption.","Autonomous Edge Computer Vision Pipeline with TensorRT Optimization and RTSP Streaming. Tech stack: C++, Python, TensorRT, CUDA, DeepStream, Docker, OpenCV. Description: Optimized deep learning YOLO detection models using TensorRT FP16 quantization on Jetson edge devices, maintaining 45 FPS over 8 concurrent RTSP video streams with under 15W power consumption.",2,Production-Ready
Zero-Trust Identity and Access Management (IAM) Proxy with Mutual TLS (mTLS),"Go, mTLS, OAuth2, OpenID Connect, Envoy, Docker","Built using Go, mTLS, OAuth2, OpenID Connect, Envoy, Docker. Engineered zero-trust proxy enforcing cryptographic client certificate authentication and fine-grained Open Policy Agent (OPA) RBAC rules across internal microservice endpoints.","Project: Zero-Trust Identity and Access Management (IAM) Proxy with Mutual TLS (mTLS). Implemented using Go, mTLS, OAuth2, OpenID Connect, Envoy, Docker. Engineered zero-trust proxy enforcing cryptographic client certificate authentication and fine-grained Open Policy Agent (OPA) RBAC rules across internal microservice endpoints.",2,Production-Ready
URL Shortener using Python and TinyURL API wrapper,Python,Calls public API to shorten URLs without custom redirection server.,URL Shortener using Python and TinyURL API wrapper. Tech stack: Python. Description: Calls public API to shorten URLs without custom redirection server.,0,Academic/Tutorial
Age and gender predictor using OpenCV pre-trained Caffe model,"Python, OpenCV",Runs face detection and passes bounding boxes to pre-trained model weights.,"Age and gender predictor using OpenCV pre-trained Caffe model. Tech stack: Python, OpenCV. Description: Runs face detection and passes bounding boxes to pre-trained model weights.",0,Academic/Tutorial
Job Board Platform with Employer Dashboard & Candidate Application Tracking,"Next.js, Supabase, Tailwind CSS, Prisma","Key Highlights: Allows employers to post listings, manage applicants in candidate pipelines, and lets job seekers apply with profile resumes. Technologies applied: Next.js, Supabase, Tailwind CSS, Prisma.","Job Board Platform with Employer Dashboard & Candidate Application Tracking | Next.js, Supabase, Tailwind CSS, Prisma | Allows employers to post listings, manage applicants in candidate pipelines, and lets job seekers apply with profile resumes.",1,Applied Capstone
Alarm clock GUI with snooze button,"Python, Tkinter, Pygame","Key Highlights: Plays sound when target time is reached. Technologies applied: Python, Tkinter, Pygame.","Alarm clock GUI with snooze button | Python, Tkinter, Pygame | Plays sound when target time is reached.",0,Academic/Tutorial
Distributed Web Crawler and Search Indexer with Politeness and Deduplication,"Python, Scrapy, Redis, Elasticsearch, Docker","Key Highlights: Built a distributed web crawler indexing 500k web pages daily, featuring URL frontier priority queues in Redis, Bloom filter deduplication, robots.txt compliance, and Elasticsearch full-text indexing. Technologies applied: Python, Scrapy, Redis, Elasticsearch, Docker.","Distributed Web Crawler and Search Indexer with Politeness and Deduplication | Python, Scrapy, Redis, Elasticsearch, Docker | Built a distributed web crawler indexing 500k web pages daily, featuring URL frontier priority queues in Redis, Bloom filter deduplication, robots.txt compliance, and Elasticsearch full-text indexing.",2,Production-Ready
Basic sentiment analysis on movie reviews with Naive Bayes,"Python, NLTK","Built using Python, NLTK. Classifies positive and negative reviews on IMDb dataset.","Project: Basic sentiment analysis on movie reviews with Naive Bayes. Implemented using Python, NLTK. Classifies positive and negative reviews on IMDb dataset.",0,Academic/Tutorial
Alarm clock GUI with snooze button,"Python, Tkinter, Pygame",Plays sound when target time is reached.,"Alarm clock GUI with snooze button. Tech stack: Python, Tkinter, Pygame. Description: Plays sound when target time is reached.",0,Academic/Tutorial
Learning Management System (LMS) with Course Video Streaming,"Django, PostgreSQL, React, AWS S3","Built using Django, PostgreSQL, React, AWS S3. Platform with instructor dashboard, video course uploading, quiz grading, progress tracking and course completion certificate generation.","Project: Learning Management System (LMS) with Course Video Streaming. Implemented using Django, PostgreSQL, React, AWS S3. Platform with instructor dashboard, video course uploading, quiz grading, progress tracking and course completion certificate generation.",1,Applied Capstone
Iris flower classification using Scikit-Learn Logistic Regression,"Python, Scikit-learn, Pandas",Standard beginner dataset predicting flower species with 95% accuracy.,"Iris flower classification using Scikit-Learn Logistic Regression. Tech stack: Python, Scikit-learn, Pandas. Description: Standard beginner dataset predicting flower species with 95% accuracy.",0,Academic/Tutorial
Basic sentiment analysis on movie reviews with Naive Bayes,"Python, NLTK",Classifies positive and negative reviews on IMDb dataset.,"Basic sentiment analysis on movie reviews with Naive Bayes. Tech stack: Python, NLTK. Description: Classifies positive and negative reviews on IMDb dataset.",0,Academic/Tutorial
Multi-Tenant SaaS Backend with Row-Level Security and Dynamic Schema Provisioning,"Node.js, TypeScript, PostgreSQL, Prisma, Redis, Docker","Built using Node.js, TypeScript, PostgreSQL, Prisma, Redis, Docker. Architected multi-tenant cloud architecture supporting 500+ enterprise organizations with tenant data isolation via PostgreSQL Row-Level Security (RLS), tenant-scoped Redis caching, and Stripe usage metering.","Project: Multi-Tenant SaaS Backend with Row-Level Security and Dynamic Schema Provisioning. Implemented using Node.js, TypeScript, PostgreSQL, Prisma, Redis, Docker. Architected multi-tenant cloud architecture supporting 500+ enterprise organizations with tenant data isolation via PostgreSQL Row-Level Security (RLS), tenant-scoped Redis caching, and Stripe usage metering.",2,Production-Ready
Scalable Video Transcoding Distributed Queue with FFmpeg and Spot Instances,"Python, Celery, Redis, AWS S3, Docker, FFmpeg","Built using Python, Celery, Redis, AWS S3, Docker, FFmpeg. Engineered chunked video transcoding engine splitting 4K uploads into parallel segments, encoding HLS adaptive bitrate streams across auto-scaling spot worker instances, saving 65% compute costs.","Project: Scalable Video Transcoding Distributed Queue with FFmpeg and Spot Instances. Implemented using Python, Celery, Redis, AWS S3, Docker, FFmpeg. Engineered chunked video transcoding engine splitting 4K uploads into parallel segments, encoding HLS adaptive bitrate streams across auto-scaling spot worker instances, saving 65% compute costs.",2,Production-Ready
Event Ticketing and QR Code Check-in Mobile App,"Flutter, Firebase Firestore, Cloud Functions","Mobile app for event discovery, ticket purchasing with QR generation, and volunteer ticket scanner verification.","Event Ticketing and QR Code Check-in Mobile App. Tech stack: Flutter, Firebase Firestore, Cloud Functions. Description: Mobile app for event discovery, ticket purchasing with QR generation, and volunteer ticket scanner verification.",1,Applied Capstone
Color palette generator using random hex codes,"HTML, CSS, JavaScript","Built using HTML, CSS, JavaScript. Displays 5 random color tiles with hex code copy functionality.","Project: Color palette generator using random hex codes. Implemented using HTML, CSS, JavaScript. Displays 5 random color tiles with hex code copy functionality.",0,Academic/Tutorial
Fintech Payment Gateway Gateway with Idempotency and Webhook Retry Orchestrator,"Python, FastAPI, Redis, PostgreSQL, Celery, Docker, AWS SQS","Built using Python, FastAPI, Redis, PostgreSQL, Celery, Docker, AWS SQS. Built an idempotent payment orchestration system preventing double-charge anomalies. Engineered exponential backoff retry workers with dead-letter queue handling, HMAC signature verification, and PCI-DSS compliant database encryption.","Project: Fintech Payment Gateway Gateway with Idempotency and Webhook Retry Orchestrator. Implemented using Python, FastAPI, Redis, PostgreSQL, Celery, Docker, AWS SQS. Built an idempotent payment orchestration system preventing double-charge anomalies. Engineered exponential backoff retry workers with dead-letter queue handling, HMAC signature verification, and PCI-DSS compliant database encryption.",2,Production-Ready
Compiler and Bytecode Virtual Machine for Custom Statically-Typed Language,"Rust, LLVM, AST Parsing","Engineered a custom compiled programming language in Rust with hand-written recursive descent parser, static type checker, LLVM IR codegen, and JIT execution runtime with garbage collection.","Compiler and Bytecode Virtual Machine for Custom Statically-Typed Language. Tech stack: Rust, LLVM, AST Parsing. Description: Engineered a custom compiled programming language in Rust with hand-written recursive descent parser, static type checker, LLVM IR codegen, and JIT execution runtime with garbage collection.",2,Production-Ready
"Calculator app with simple UI in HTML, CSS and JavaScript","HTML, CSS, JavaScript","Built using HTML, CSS, JavaScript. Basic mathematical operations with simple button layout and event listeners.","Project: Calculator app with simple UI in HTML, CSS and JavaScript. Implemented using HTML, CSS, JavaScript. Basic mathematical operations with simple button layout and event listeners.",0,Academic/Tutorial
Simple notes app with local database,"Android, SQLite, Java","Built using Android, SQLite, Java. Basic notes app with title, content and delete options.","Project: Simple notes app with local database. Implemented using Android, SQLite, Java. Basic notes app with title, content and delete options.",0,Academic/Tutorial
Enterprise Threat Detection SIEM Engine with Distributed Log Ingestion,"Python, Elasticsearch, Logstash, Kibana, Kafka, Docker","Key Highlights: Built a real-time security log analysis pipeline ingesting 15M+ daily network logs. Implemented automated anomaly detection rules for brute-force attacks and port scanning, alerting incident response teams via webhooks within 2 seconds. Technologies applied: Python, Elasticsearch, Logstash, Kibana, Kafka, Docker.","Enterprise Threat Detection SIEM Engine with Distributed Log Ingestion | Python, Elasticsearch, Logstash, Kibana, Kafka, Docker | Built a real-time security log analysis pipeline ingesting 15M+ daily network logs. Implemented automated anomaly detection rules for brute-force attacks and port scanning, alerting incident response teams via webhooks within 2 seconds.",2,Production-Ready
Event Ticketing and QR Code Check-in Mobile App,"Flutter, Firebase Firestore, Cloud Functions","Built using Flutter, Firebase Firestore, Cloud Functions. Mobile app for event discovery, ticket purchasing with QR generation, and volunteer ticket scanner verification.","Project: Event Ticketing and QR Code Check-in Mobile App. Implemented using Flutter, Firebase Firestore, Cloud Functions. Mobile app for event discovery, ticket purchasing with QR generation, and volunteer ticket scanner verification.",1,Applied Capstone
Fault-Tolerant Distributed Key-Value Store with Raft Consensus Algorithm,"Go, Raft Protocol, gRPC, LevelDB","Built using Go, Raft Protocol, gRPC, LevelDB. Engineered a distributed, strongly-consistent key-value storage engine from scratch implementing the Raft consensus protocol. Handled leader election, log replication, snapshotting, and simulated network partitions with 99.99% data consistency.","Project: Fault-Tolerant Distributed Key-Value Store with Raft Consensus Algorithm. Implemented using Go, Raft Protocol, gRPC, LevelDB. Engineered a distributed, strongly-consistent key-value storage engine from scratch implementing the Raft consensus protocol. Handled leader election, log replication, snapshotting, and simulated network partitions with 99.99% data consistency.",2,Production-Ready
Personal Finance & Budget Tracking Web App with Plaid API,"React, TypeScript, Node.js, PostgreSQL, Chart.js","Built using React, TypeScript, Node.js, PostgreSQL, Chart.js. Aggregates bank transactions, categorizes monthly expenses with interactive charts, and alerts users when category budgets exceed limits.","Project: Personal Finance & Budget Tracking Web App with Plaid API. Implemented using React, TypeScript, Node.js, PostgreSQL, Chart.js. Aggregates bank transactions, categorizes monthly expenses with interactive charts, and alerts users when category budgets exceed limits.",1,Applied Capstone
Food Delivery App with Live Order Status Updates,"React Native, Node.js, Express, MongoDB, Socket.io","Cross-platform mobile application with restaurant menus, cart management, address geocoding and real-time order status lifecycle.","Food Delivery App with Live Order Status Updates. Tech stack: React Native, Node.js, Express, MongoDB, Socket.io. Description: Cross-platform mobile application with restaurant menus, cart management, address geocoding and real-time order status lifecycle.",1,Applied Capstone
Online Code Execution Platform with Sandboxed Runner,"React, Node.js, Docker, Express, MongoDB","Key Highlights: Allows users to write and execute code in Python and C++ inside isolated Docker containers with execution time and memory limits. Technologies applied: React, Node.js, Docker, Express, MongoDB.","Online Code Execution Platform with Sandboxed Runner | React, Node.js, Docker, Express, MongoDB | Allows users to write and execute code in Python and C++ inside isolated Docker containers with execution time and memory limits.",1,Applied Capstone
Learning Management System (LMS) with Course Video Streaming,"Django, PostgreSQL, React, AWS S3","Platform with instructor dashboard, video course uploading, quiz grading, progress tracking and course completion certificate generation.","Learning Management System (LMS) with Course Video Streaming. Tech stack: Django, PostgreSQL, React, AWS S3. Description: Platform with instructor dashboard, video course uploading, quiz grading, progress tracking and course completion certificate generation.",1,Applied Capstone
Snake game with retro graphics in Pygame,"Python, Pygame","Key Highlights: Controls 2D snake eating food and growing length with collision detection. Technologies applied: Python, Pygame.","Snake game with retro graphics in Pygame | Python, Pygame | Controls 2D snake eating food and growing length with collision detection.",0,Academic/Tutorial
Library Management System with RFID Barcode Scanning,"Java, JavaFX, MySQL, iText PDF","Built using Java, JavaFX, MySQL, iText PDF. Automated book checkout, late fee calculation, return date notifications, and student membership verification.","Project: Library Management System with RFID Barcode Scanning. Implemented using Java, JavaFX, MySQL, iText PDF. Automated book checkout, late fee calculation, return date notifications, and student membership verification.",1,Applied Capstone
Autonomous Drone Flight Controller with Extended Kalman Filter and ROS 2,"C++, ROS 2, PX4, Gazebo, Kalman Filter","Key Highlights: Developed flight state estimation algorithms fusing IMU, barometer and GPS sensor streams via Extended Kalman Filter (EKF) with sub-10cm position hold accuracy under simulated wind disturbance. Technologies applied: C++, ROS 2, PX4, Gazebo, Kalman Filter.","Autonomous Drone Flight Controller with Extended Kalman Filter and ROS 2 | C++, ROS 2, PX4, Gazebo, Kalman Filter | Developed flight state estimation algorithms fusing IMU, barometer and GPS sensor streams via Extended Kalman Filter (EKF) with sub-10cm position hold accuracy under simulated wind disturbance.",2,Production-Ready
Random password generator with copy to clipboard feature,"JavaScript, HTML","Key Highlights: Generates random alphanumeric strings with customizable length. Technologies applied: JavaScript, HTML.","Random password generator with copy to clipboard feature | JavaScript, HTML | Generates random alphanumeric strings with customizable length.",0,Academic/Tutorial
Scalable Video Transcoding Distributed Queue with FFmpeg and Spot Instances,"Python, Celery, Redis, AWS S3, Docker, FFmpeg","Key Highlights: Engineered chunked video transcoding engine splitting 4K uploads into parallel segments, encoding HLS adaptive bitrate streams across auto-scaling spot worker instances, saving 65% compute costs. Technologies applied: Python, Celery, Redis, AWS S3, Docker, FFmpeg.","Scalable Video Transcoding Distributed Queue with FFmpeg and Spot Instances | Python, Celery, Redis, AWS S3, Docker, FFmpeg | Engineered chunked video transcoding engine splitting 4K uploads into parallel segments, encoding HLS adaptive bitrate streams across auto-scaling spot worker instances, saving 65% compute costs.",2,Production-Ready
Spam email classifier using CountVectorizer and MultinomialNB,"Python, Scikit-Learn","Key Highlights: Standard Kaggle SMS spam dataset classification tutorial. Technologies applied: Python, Scikit-Learn.","Spam email classifier using CountVectorizer and MultinomialNB | Python, Scikit-Learn | Standard Kaggle SMS spam dataset classification tutorial.",0,Academic/Tutorial
Job Board Platform with Employer Dashboard & Candidate Application Tracking,"Next.js, Supabase, Tailwind CSS, Prisma","Built using Next.js, Supabase, Tailwind CSS, Prisma. Allows employers to post listings, manage applicants in candidate pipelines, and lets job seekers apply with profile resumes.","Project: Job Board Platform with Employer Dashboard & Candidate Application Tracking. Implemented using Next.js, Supabase, Tailwind CSS, Prisma. Allows employers to post listings, manage applicants in candidate pipelines, and lets job seekers apply with profile resumes.",1,Applied Capstone
Student record management system with file handling,"C++, File I/O","Key Highlights: Console-based CRUD application storing student marks and names in a text file. Technologies applied: C++, File I/O.","Student record management system with file handling | C++, File I/O | Console-based CRUD application storing student marks and names in a text file.",0,Academic/Tutorial
Real Estate Property Marketplace with Mapbox Integration,"MERN Stack, Mapbox GL, Redux Toolkit, Cloudinary","Key Highlights: Interactive property listing portal with geospatial search, filtering by price and square footage, image uploading and agent contact messaging. Technologies applied: MERN Stack, Mapbox GL, Redux Toolkit, Cloudinary.","Real Estate Property Marketplace with Mapbox Integration | MERN Stack, Mapbox GL, Redux Toolkit, Cloudinary | Interactive property listing portal with geospatial search, filtering by price and square footage, image uploading and agent contact messaging.",1,Applied Capstone
Zero-Trust Identity and Access Management (IAM) Proxy with Mutual TLS (mTLS),"Go, mTLS, OAuth2, OpenID Connect, Envoy, Docker","Key Highlights: Engineered zero-trust proxy enforcing cryptographic client certificate authentication and fine-grained Open Policy Agent (OPA) RBAC rules across internal microservice endpoints. Technologies applied: Go, mTLS, OAuth2, OpenID Connect, Envoy, Docker.","Zero-Trust Identity and Access Management (IAM) Proxy with Mutual TLS (mTLS) | Go, mTLS, OAuth2, OpenID Connect, Envoy, Docker | Engineered zero-trust proxy enforcing cryptographic client certificate authentication and fine-grained Open Policy Agent (OPA) RBAC rules across internal microservice endpoints.",2,Production-Ready
Personal Finance & Budget Tracking Web App with Plaid API,"React, TypeScript, Node.js, PostgreSQL, Chart.js","Aggregates bank transactions, categorizes monthly expenses with interactive charts, and alerts users when category budgets exceed limits.","Personal Finance & Budget Tracking Web App with Plaid API. Tech stack: React, TypeScript, Node.js, PostgreSQL, Chart.js. Description: Aggregates bank transactions, categorizes monthly expenses with interactive charts, and alerts users when category budgets exceed limits.",1,Applied Capstone
